PRAGMA foreign_keys = ON;

DROP TABLE IF EXISTS story_artworks;
DROP TABLE IF EXISTS story_locations;
DROP TABLE IF EXISTS story_characters;
DROP TABLE IF EXISTS artworks;
DROP TABLE IF EXISTS locations;
DROP TABLE IF EXISTS characters;
DROP TABLE IF EXISTS stories;

CREATE TABLE stories (
    id INTEGER PRIMARY KEY,
    title TEXT NOT NULL,
    testament TEXT NOT NULL CHECK(testament IN ('Old Testament', 'New Testament')),
    scripture_reference TEXT,
    summary TEXT,
    description TEXT
);

CREATE TABLE characters (
    id INTEGER PRIMARY KEY,
    name TEXT NOT NULL UNIQUE,
    testament TEXT,
    description TEXT
);

CREATE TABLE locations (
    id INTEGER PRIMARY KEY,
    name TEXT NOT NULL UNIQUE,
    region TEXT,
    description TEXT
);

CREATE TABLE artworks (
    id INTEGER PRIMARY KEY,
    title TEXT NOT NULL,
    artist TEXT,
    year INTEGER,
    medium TEXT,
    current_location TEXT,
    description TEXT,
    related_story_id INTEGER,
    FOREIGN KEY (related_story_id) REFERENCES stories(id)
);

CREATE TABLE story_characters (
    story_id INTEGER NOT NULL,
    character_id INTEGER NOT NULL,
    PRIMARY KEY (story_id, character_id),
    FOREIGN KEY (story_id) REFERENCES stories(id),
    FOREIGN KEY (character_id) REFERENCES characters(id)
);

CREATE TABLE story_locations (
    story_id INTEGER NOT NULL,
    location_id INTEGER NOT NULL,
    PRIMARY KEY (story_id, location_id),
    FOREIGN KEY (story_id) REFERENCES stories(id),
    FOREIGN KEY (location_id) REFERENCES locations(id)
);

CREATE TABLE story_artworks (
    story_id INTEGER NOT NULL,
    artwork_id INTEGER NOT NULL,
    PRIMARY KEY (story_id, artwork_id),
    FOREIGN KEY (story_id) REFERENCES stories(id),
    FOREIGN KEY (artwork_id) REFERENCES artworks(id)
);

INSERT INTO stories (id, title, testament, scripture_reference, summary, description) VALUES
(1, 'Creation', 'Old Testament', 'Genesis 1-2', 'God creates the heavens, earth, and humanity.', 'A theological prologue describing ordered creation and the dignity of human life.'),
(2, 'The Fall', 'Old Testament', 'Genesis 3', 'Adam and Eve disobey in Eden.', 'The narrative of disobedience, exile, and the first promise of redemption.'),
(3, 'Noah and the Flood', 'Old Testament', 'Genesis 6-9', 'Noah survives a global flood in the ark.', 'A story of judgment, mercy, covenant, and new beginnings.'),
(4, 'Tower of Babel', 'Old Testament', 'Genesis 11:1-9', 'Human pride at Babel leads to scattered nations.', 'The origin story for linguistic and geographic dispersion.'),
(5, 'Call of Abraham', 'Old Testament', 'Genesis 12:1-9', 'Abraham leaves home by faith.', 'God calls Abram into covenant and promises blessing to all nations.'),
(6, 'Abraham and Isaac', 'Old Testament', 'Genesis 22', 'Abraham is tested and a ram is provided.', 'A dramatic account of trust, surrender, and divine provision.'),
(7, 'Jacob''s Ladder', 'Old Testament', 'Genesis 28:10-22', 'Jacob dreams of a ladder reaching heaven.', 'A vision of divine presence and covenant continuity.'),
(8, 'Joseph in Egypt', 'Old Testament', 'Genesis 37-50', 'Joseph rises from slavery to leadership.', 'Providence transforms betrayal into preservation for many.'),
(9, 'Moses at the Burning Bush', 'Old Testament', 'Exodus 3-4', 'God calls Moses through a burning bush.', 'The divine name is revealed and Moses is commissioned.'),
(10, 'The Passover and Exodus', 'Old Testament', 'Exodus 12-14', 'Israel is delivered from Egypt.', 'The defining liberation memory of Israel, including the sea crossing.'),
(11, 'Giving of the Law at Sinai', 'Old Testament', 'Exodus 19-20', 'God gives covenant law at Mount Sinai.', 'A formative covenant moment shaping worship and ethics.'),
(12, 'Joshua at Jericho', 'Old Testament', 'Joshua 6', 'Jericho falls after Israel''s procession.', 'A conquest narrative emphasizing obedience and divine power.'),
(13, 'Deborah and Barak', 'Old Testament', 'Judges 4-5', 'Deborah leads Israel to victory.', 'A story of prophetic leadership and deliverance.'),
(14, 'Ruth and Boaz', 'Old Testament', 'Ruth 1-4', 'Ruth finds refuge and redemption in Bethlehem.', 'A migration and kinship narrative of faithfulness and hope.'),
(15, 'Samuel Anoints David', 'Old Testament', '1 Samuel 16', 'David is chosen as future king.', 'God sees beyond appearances in selecting Israel''s shepherd king.'),
(16, 'David and Goliath', 'Old Testament', '1 Samuel 17', 'David defeats Goliath.', 'A classic reversal story where faith overcomes overwhelming odds.'),
(17, 'Solomon Builds the Temple', 'Old Testament', '1 Kings 5-8', 'Solomon builds and dedicates the Temple.', 'A central worship narrative tied to Jerusalem''s sacred geography.'),
(18, 'Elijah at Mount Carmel', 'Old Testament', '1 Kings 18', 'Elijah confronts Baal''s prophets.', 'A prophetic contest affirming covenant faithfulness.'),
(19, 'Jonah and Nineveh', 'Old Testament', 'Jonah 1-4', 'Jonah resists then proclaims mercy to Nineveh.', 'A story of repentance, mission, and compassion beyond borders.'),
(20, 'Daniel in the Lions'' Den', 'Old Testament', 'Daniel 6', 'Daniel is preserved among lions.', 'Faithfulness under empire and divine rescue.'),
(21, 'Annunciation to Mary', 'New Testament', 'Luke 1:26-38', 'Gabriel announces Jesus'' birth to Mary.', 'A pivotal incarnation scene centered on consent and promise.'),
(22, 'Nativity of Jesus', 'New Testament', 'Luke 2; Matthew 1-2', 'Jesus is born in Bethlehem.', 'The birth narrative featuring Mary, Joseph, shepherds, and heavenly praise.'),
(23, 'Visit of the Magi', 'New Testament', 'Matthew 2:1-12', 'Magi bring gifts to the Christ child.', 'Nations recognize the newborn king.'),
(24, 'Baptism of Jesus', 'New Testament', 'Matthew 3; Mark 1; Luke 3', 'Jesus is baptized in the Jordan.', 'A theophanic beginning to Jesus'' public ministry.'),
(25, 'Temptation in the Wilderness', 'New Testament', 'Matthew 4:1-11; Luke 4:1-13', 'Jesus resists temptation in the desert.', 'The obedient Son overcomes testing with Scripture.'),
(26, 'Sermon on the Mount', 'New Testament', 'Matthew 5-7', 'Jesus teaches the ethics of the kingdom.', 'A foundational discourse including the Beatitudes and Lord''s Prayer.'),
(27, 'Good Samaritan', 'New Testament', 'Luke 10:25-37', 'A parable redefining neighbor-love.', 'Mercy is portrayed as true covenant faithfulness.'),
(28, 'Feeding of the Five Thousand', 'New Testament', 'Matthew 14; Mark 6; Luke 9; John 6', 'Jesus feeds a multitude with five loaves and two fish.', 'A sign narrative of compassion and abundance.'),
(29, 'Walking on Water', 'New Testament', 'Matthew 14:22-33; Mark 6:45-52; John 6:16-21', 'Jesus walks on the sea and steadies his disciples.', 'A revelation story of trust amid fear.'),
(30, 'Raising of Lazarus', 'New Testament', 'John 11', 'Jesus raises Lazarus from the dead.', 'A dramatic sign pointing toward resurrection hope.'),
(31, 'Triumphal Entry', 'New Testament', 'Matthew 21; Mark 11; Luke 19; John 12', 'Jesus enters Jerusalem to acclamation.', 'A royal procession that leads into Passion week.'),
(32, 'Last Supper', 'New Testament', 'Matthew 26; Mark 14; Luke 22; John 13', 'Jesus shares a final meal with his disciples.', 'A covenant meal of remembrance, service, and warning.'),
(33, 'Crucifixion', 'New Testament', 'Matthew 27; Mark 15; Luke 23; John 19', 'Jesus is crucified at Golgotha.', 'The passion narrative at the center of Christian proclamation.'),
(34, 'Resurrection', 'New Testament', 'Matthew 28; Mark 16; Luke 24; John 20', 'Jesus rises from the dead.', 'The empty tomb and appearances ground apostolic witness.'),
(35, 'Road to Emmaus', 'New Testament', 'Luke 24:13-35', 'The risen Jesus is recognized in breaking bread.', 'Disciples move from confusion to recognition.'),
(36, 'Great Commission', 'New Testament', 'Matthew 28:16-20', 'Jesus sends disciples to all nations.', 'A missionary charge grounded in resurrection authority.'),
(37, 'Pentecost', 'New Testament', 'Acts 2', 'The Holy Spirit descends on believers.', 'The church''s public beginning in Jerusalem.'),
(38, 'Conversion of Paul', 'New Testament', 'Acts 9', 'Saul encounters the risen Jesus on the Damascus road.', 'A persecutor becomes an apostle to the nations.'),
(39, 'Peter''s Vision and Cornelius', 'New Testament', 'Acts 10', 'Peter welcomes Gentiles into the faith community.', 'A watershed narrative for inclusion in the early church.'),
(40, 'Paul in Athens', 'New Testament', 'Acts 17:16-34', 'Paul proclaims the gospel at the Areopagus.', 'Engagement between biblical faith and Greco-Roman thought.');

INSERT INTO characters (id, name, testament, description) VALUES
(1, 'Adam', 'Old Testament', 'First human in the Genesis account.'),
(2, 'Eve', 'Old Testament', 'First woman in Genesis.'),
(3, 'Noah', 'Old Testament', 'Builder of the ark.'),
(4, 'Abraham', 'Old Testament', 'Patriarch called into covenant.'),
(5, 'Isaac', 'Old Testament', 'Son of promise to Abraham and Sarah.'),
(6, 'Jacob', 'Old Testament', 'Ancestor of Israel''s tribes.'),
(7, 'Joseph', 'Old Testament', 'Dreamer and administrator in Egypt.'),
(8, 'Moses', 'Old Testament', 'Prophet of the Exodus.'),
(9, 'Joshua', 'Old Testament', 'Leader after Moses.'),
(10, 'Deborah', 'Old Testament', 'Judge and prophetess.'),
(11, 'Ruth', 'Old Testament', 'Moabite woman joined to Israel.'),
(12, 'Boaz', 'Old Testament', 'Kinsman-redeemer in Bethlehem.'),
(13, 'Samuel', 'Old Testament', 'Prophet who anoints kings.'),
(14, 'David', 'Old Testament', 'Shepherd, warrior, and king.'),
(15, 'Goliath', 'Old Testament', 'Philistine champion defeated by David.'),
(16, 'Solomon', 'Old Testament', 'King associated with wisdom and Temple building.'),
(17, 'Elijah', 'Old Testament', 'Prophet active in the northern kingdom.'),
(18, 'Jonah', 'Old Testament', 'Prophet sent to Nineveh.'),
(19, 'Daniel', 'Old Testament', 'Faithful exile in Babylon.'),
(20, 'Mary', 'New Testament', 'Mother of Jesus.'),
(21, 'Gabriel', 'New Testament', 'Messenger angel.'),
(22, 'Jesus', 'New Testament', 'Central figure of the New Testament.'),
(23, 'John the Baptist', 'New Testament', 'Prophet who baptizes Jesus.'),
(24, 'Peter', 'New Testament', 'Disciple and apostolic leader.'),
(25, 'Martha', 'New Testament', 'Sister of Lazarus and Mary of Bethany.'),
(26, 'Lazarus', 'New Testament', 'Raised from the dead by Jesus.'),
(27, 'Judas Iscariot', 'New Testament', 'Disciple who betrays Jesus.'),
(28, 'Mary Magdalene', 'New Testament', 'Witness to resurrection.'),
(29, 'Paul', 'New Testament', 'Apostle to the Gentiles.'),
(30, 'Cornelius', 'New Testament', 'Roman centurion in Acts 10.');

INSERT INTO locations (id, name, region, description) VALUES
(1, 'Eden', 'Mesopotamia (traditional)', 'Garden of humanity''s beginnings.'),
(2, 'Ararat', 'Armenian Highlands (traditional)', 'Mountains associated with Noah''s ark.'),
(3, 'Babel', 'Mesopotamia', 'City associated with the tower narrative.'),
(4, 'Canaan', 'Levant', 'Land promised to Abraham''s descendants.'),
(5, 'Moriah', 'Jerusalem region (traditional)', 'Mountain linked with Abraham and Isaac.'),
(6, 'Bethel', 'Central highlands', 'Site of Jacob''s dream.'),
(7, 'Egypt', 'North Africa', 'Land of Joseph''s service and Israel''s bondage.'),
(8, 'Mount Sinai', 'Sinai Peninsula (traditional)', 'Mountain of covenant revelation.'),
(9, 'Jericho', 'Jordan Valley', 'Fortified city in Joshua narratives.'),
(10, 'Bethlehem', 'Judea', 'Town of Ruth and the birth of Jesus.'),
(11, 'Valley of Elah', 'Judah', 'Battle site of David and Goliath.'),
(12, 'Jerusalem', 'Judea', 'Political and spiritual center in biblical narratives.'),
(13, 'Mount Carmel', 'Northern Israel', 'Site of Elijah''s contest.'),
(14, 'Nineveh', 'Assyria', 'City in Jonah narrative.'),
(15, 'Babylon', 'Mesopotamia', 'Imperial city of exile narratives.'),
(16, 'Nazareth', 'Galilee', 'Home town associated with Mary and Jesus.'' upbringing.'),
(17, 'Galilee', 'Northern Israel', 'Region of Jesus'' ministry.'),
(18, 'Jordan River', 'Jordan Valley', 'River associated with baptism narratives.'),
(19, 'Wilderness of Judea', 'Judea', 'Desert region associated with testing.'),
(20, 'Sea of Galilee', 'Galilee', 'Lake setting for many Gospel scenes.'),
(21, 'Bethany', 'Near Jerusalem', 'Village associated with Lazarus and his sisters.'),
(22, 'Golgotha', 'Jerusalem', 'Traditional site of crucifixion.'),
(23, 'Emmaus', 'Judea', 'Village on resurrection journey narrative.'),
(24, 'Damascus', 'Syria', 'City tied to Paul''s conversion.'),
(25, 'Athens', 'Achaia', 'City of Paul''s Areopagus speech.');

INSERT INTO artworks (id, title, artist, year, medium, current_location, description, related_story_id) VALUES
(1, 'The Creation of Adam', 'Michelangelo', 1512, 'Fresco', 'Sistine Chapel, Vatican City', 'Iconic Renaissance panel from the ceiling cycle.', 1),
(2, 'The Expulsion from the Garden of Eden', 'Masaccio', 1427, 'Fresco', 'Brancacci Chapel, Florence', 'Emotive depiction of exile from Eden.', 2),
(3, 'The Flood', 'Michelangelo', 1512, 'Fresco', 'Sistine Chapel, Vatican City', 'Chaotic and dramatic image of judgment and survival.', 3),
(4, 'The Tower of Babel', 'Pieter Bruegel the Elder', 1563, 'Oil on panel', 'Kunsthistorisches Museum, Vienna', 'Famous visual meditation on ambition and fragmentation.', 4),
(5, 'The Journey of Abraham', 'József Molnár', 1850, 'Oil on canvas', 'Hungarian National Gallery', 'Abraham depicted as a pilgrim of promise.', 5),
(6, 'The Sacrifice of Isaac', 'Caravaggio', 1603, 'Oil on canvas', 'Uffizi Gallery, Florence', 'Dramatic chiaroscuro at the moment of intervention.', 6),
(7, 'Jacob''s Dream', 'Jusepe de Ribera', 1639, 'Oil on canvas', 'Museo del Prado, Madrid', 'Jacob rests while angels ascend and descend.', 7),
(8, 'Joseph Interpreting Pharaoh''s Dreams', 'Pontormo', 1518, 'Fresco', 'Palazzo della Signoria, Florence', 'Joseph shown as wise interpreter in Egypt.', 8),
(9, 'Moses and the Burning Bush', 'Domenico Fetti', 1613, 'Oil on panel', 'Kunsthistorisches Museum, Vienna', 'Call narrative rendered with luminous flame.', 9),
(10, 'The Crossing of the Red Sea', 'Nicolas Poussin', 1634, 'Oil on canvas', 'National Gallery of Victoria, Melbourne', 'Cinematic composition of deliverance.', 10),
(11, 'Moses Receiving the Tablets of the Law', 'Rembrandt', 1659, 'Oil on canvas', 'Gemäldegalerie, Berlin', 'Moses descends with the tablets.', 11),
(12, 'The Taking of Jericho', 'Jean Fouquet', 1470, 'Manuscript illumination', 'Bibliothèque nationale de France, Paris', 'Miniature portraying Jericho''s fall.', 12),
(13, 'Deborah', 'Gustave Doré', 1866, 'Engraving', 'Public domain collections', 'Dramatic portrait of the judge and prophetess.', 13),
(14, 'Ruth in Boaz''s Field', 'Julius Schnorr von Carolsfeld', 1860, 'Wood engraving', 'Public domain collections', 'Ruth gleans in Bethlehem''s fields.', 14),
(15, 'Samuel Anoints David', 'Pieter Lastman', 1619, 'Oil on panel', 'Museum Catharijneconvent, Utrecht', 'David receives anointing among his brothers.', 15),
(16, 'David with the Head of Goliath', 'Caravaggio', 1610, 'Oil on canvas', 'Galleria Borghese, Rome', 'Psychological portrait of victory and sorrow.', 16),
(17, 'The Building of Solomon''s Temple', 'James Tissot', 1896, 'Gouache on board', 'Jewish Museum, New York', 'Architectural vision of Temple construction.', 17),
(18, 'Elijah and the Prophets of Baal', 'Lucas van Leyden', 1520, 'Engraving', 'Rijksmuseum, Amsterdam', 'Elijah''s confrontation at Carmel.', 18),
(19, 'Jonah and the Whale', 'Pieter Lastman', 1621, 'Oil on panel', 'Gemäldegalerie Alte Meister, Dresden', 'Jonah''s deliverance from the great fish.', 19),
(20, 'Daniel in the Lions'' Den', 'Peter Paul Rubens', 1614, 'Oil on canvas', 'National Gallery of Art, Washington, D.C.', 'Daniel shown calm among lions.', 20),
(21, 'The Annunciation', 'Fra Angelico', 1440, 'Fresco', 'Convent of San Marco, Florence', 'Gabriel and Mary in a serene architectural setting.', 21),
(22, 'The Nativity', 'Geertgen tot Sint Jans', 1490, 'Oil on panel', 'National Gallery, London', 'Night scene emphasizing divine light.', 22),
(23, 'Adoration of the Magi', 'Sandro Botticelli', 1475, 'Tempera on panel', 'Uffizi Gallery, Florence', 'Magi gathered around the Christ child.', 23),
(24, 'The Baptism of Christ', 'Andrea del Verrocchio and Leonardo da Vinci', 1475, 'Tempera and oil on panel', 'Uffizi Gallery, Florence', 'Renaissance interpretation of baptism in the Jordan.', 24),
(25, 'The Temptation of Christ', 'Duccio', 1308, 'Tempera on wood', 'Frick Collection, New York', 'Christ in desert testing scene.', 25),
(26, 'The Sermon on the Mount', 'Carl Heinrich Bloch', 1877, 'Oil on copper', 'Frederiksborg Castle, Hillerød', 'Jesus teaches crowds on a hillside.', 26),
(27, 'The Good Samaritan', 'Vincent van Gogh', 1890, 'Oil on canvas', 'Kröller-Müller Museum, Otterlo', 'Expressive reinterpretation of the parable.', 27),
(28, 'The Miracle of the Loaves and Fishes', 'Giovanni Lanfranco', 1620, 'Oil on canvas', 'National Gallery of Ireland, Dublin', 'Crowd scene of miraculous feeding.', 28),
(29, 'Christ Walking on the Water', 'Ivan Aivazovsky', 1888, 'Oil on canvas', 'State Russian Museum, St. Petersburg', 'Nocturnal sea scene with disciples'' boat.', 29),
(30, 'The Raising of Lazarus', 'Rembrandt', 1630, 'Oil on panel', 'Los Angeles County Museum of Art', 'Lazarus rises at Christ''s command.', 30),
(31, 'Entry of Christ into Jerusalem', 'Giotto', 1305, 'Fresco', 'Scrovegni Chapel, Padua', 'Palm branches welcome Jesus into the city.', 31),
(32, 'The Last Supper', 'Leonardo da Vinci', 1498, 'Tempera on gesso', 'Santa Maria delle Grazie, Milan', 'Monumental mural of final meal and betrayal announcement.', 32),
(33, 'Christ Crucified', 'Diego Velázquez', 1632, 'Oil on canvas', 'Museo del Prado, Madrid', 'Meditative crucifixion image.', 33),
(34, 'The Resurrection of Christ', 'Raphael', 1502, 'Oil on panel', 'São Paulo Museum of Art', 'Risen Christ above startled guards.', 34),
(35, 'The Supper at Emmaus', 'Caravaggio', 1601, 'Oil on canvas', 'National Gallery, London', 'Recognition scene in the breaking of bread.', 35),
(36, 'The Great Commission', 'Benjamin West', 1780, 'Oil on canvas', 'Private collection', 'Christ sending disciples to all nations.', 36),
(37, 'Pentecost', 'Jean II Restout', 1732, 'Oil on canvas', 'Louvre Museum, Paris', 'Tongues of fire descend on gathered disciples.', 37),
(38, 'The Conversion of Saint Paul', 'Caravaggio', 1601, 'Oil on canvas', 'Santa Maria del Popolo, Rome', 'Dramatic Damascus-road conversion scene.', 38),
(39, 'Saint Peter and Cornelius', 'Circle of Jan Luyken', 1700, 'Etching', 'Rijksmuseum, Amsterdam', 'Peter receives Cornelius in Acts 10 tradition.', 39),
(40, 'Saint Paul Preaching at Athens', 'Raphael (cartoon design tradition)', 1515, 'Tapestry design', 'Victoria and Albert Museum, London', 'Paul addresses philosophers at the Areopagus.', 40);

INSERT INTO story_characters (story_id, character_id) VALUES
(1,1),(1,2),
(2,1),(2,2),
(3,3),
(4,4),
(5,4),
(6,4),(6,5),
(7,6),
(8,7),
(9,8),
(10,8),
(11,8),
(12,9),
(13,10),
(14,11),(14,12),
(15,13),(15,14),
(16,14),(16,15),
(17,16),
(18,17),
(19,18),
(20,19),
(21,20),(21,21),
(22,20),(22,22),
(23,20),(23,22),
(24,22),(24,23),
(25,22),
(26,22),
(27,22),
(28,22),(28,24),
(29,22),(29,24),
(30,22),(30,25),(30,26),
(31,22),
(32,22),(32,24),(32,27),
(33,22),(33,20),
(34,22),(34,28),
(35,22),
(36,22),(36,24),
(37,24),
(38,29),
(39,24),(39,30),
(40,29);

INSERT INTO story_locations (story_id, location_id) VALUES
(1,1),
(2,1),
(3,2),
(4,3),
(5,4),
(6,5),
(7,6),
(8,7),
(9,8),
(10,7),(10,8),
(11,8),
(12,9),
(13,13),
(14,10),
(15,10),
(16,11),
(17,12),
(18,13),
(19,14),
(20,15),
(21,16),
(22,10),
(23,10),
(24,18),
(25,19),
(26,17),
(27,12),
(28,20),
(29,20),
(30,21),
(31,12),
(32,12),
(33,22),
(34,12),
(35,23),
(36,17),
(37,12),
(38,24),
(39,12),
(40,25);

INSERT INTO story_artworks (story_id, artwork_id) VALUES
(1,1),(2,2),(3,3),(4,4),(5,5),(6,6),(7,7),(8,8),(9,9),(10,10),
(11,11),(12,12),(13,13),(14,14),(15,15),(16,16),(17,17),(18,18),(19,19),(20,20),
(21,21),(22,22),(23,23),(24,24),(25,25),(26,26),(27,27),(28,28),(29,29),(30,30),
(31,31),(32,32),(33,33),(34,34),(35,35),(36,36),(37,37),(38,38),(39,39),(40,40);
